"Mutation","Mean_NES","SD_NES","N_pathways","N_databases","Theme","SEM"
"G32A",1.96292326637958,0.256251238369541,3,1,"Ribosome Biogenesis",0.147946721452829
"R403C",1.593128712781,NA,1,1,"Ribosome Biogenesis",NA
"G32A",-2.72816179614835,0.482291755877631,4,3,"Cytoplasmic Translation",0.241145877938816
"R403C",-2.57172145359775,0.528781530935418,4,3,"Cytoplasmic Translation",0.264390765467709
"G32A",-2.96070152889143,0.0828761006380697,2,1,"Synaptic Ribosomes",0.0586022527594778
"R403C",-2.79982224867176,0.123459021435121,2,1,"Synaptic Ribosomes",0.0872987112554293
"G32A",0.103980087688481,2.10093896909364,9,2,"Ribosomal Proteins",0.700312989697881
"R403C",-1.14593476206642,1.73111732896225,5,1,"Ribosomal Proteins",0.774179204917493
