"Category","Contrast_Clean","Min_NES","Max_NES","Mean_NES","N_databases","N_pathways"
"Cytoplasmic Translation","G32A",-3.11445719160063,-2.06610763674837,-2.72816179614835,3,4
"Cytoplasmic Translation","R403C",-2.96489922419122,-1.83522032740912,-2.57172145359775,3,4
"Ribosome Biogenesis","G32A",1.77213208872416,2.25418549877522,1.96292326637958,1,3
"Ribosome Biogenesis","R403C",1.593128712781,1.593128712781,1.593128712781,1,1
"Synaptic Ribosomes","G32A",-3.01930378165091,-2.90209927613196,-2.96070152889143,1,2
"Synaptic Ribosomes","R403C",-2.88712095992719,-2.71252353741633,-2.79982224867176,1,2
