"ID","Description","GeneRatio","BgRatio","RichFactor","FoldEnrichment","zScore","pvalue","p.adjust","qvalue","geneID","Count"
"GO:0043083","synaptic cleft","1/4","16/1380",0.0625,21.5625,4.45894004918543,0.0456252326543664,0.182500930617465,0.14407968206642,"C1QL1",1
"GO:0099523","presynaptic cytosol","1/4","51/1380",0.0196078431372549,6.76470588235294,2.26101093995187,0.139975165150165,0.27995033030033,0.221013418658155,"RAPH1",1
"GO:0098793","presynapse","1/4","170/1380",0.00588235294117647,2.02941176470588,0.772545050827746,0.409310344708559,0.542849980745196,0.428565774272523,"AAK1",1
"GO:0098794","postsynapse","1/4","245/1380",0.00408163265306122,1.40816326530612,0.379683687569776,0.542849980745196,0.542849980745196,0.428565774272523,"NCDN",1
