"Module","Display_Name","Source_Database","Expression_vs_CtrlD35_G32A_35","Expression_vs_CtrlD35_R403C_35","Expression_vs_CtrlD35_G32A_65","Expression_vs_CtrlD35_R403C_65","Divergence_vs_Ctrl_G32A_35","Divergence_vs_Ctrl_R403C_35","Divergence_vs_Ctrl_G32A_65","Divergence_vs_Ctrl_R403C_65","significant_G32A_35","significant_R403C_35","significant_G32A_65","significant_R403C_65","Pattern_G32A","Pattern_R403C","Change_Consistency"
"Cytoplasmic_Translation","Cytoplasmic Translation","GO:BP",0.522560274564608,0.309951499256232,0.272801125497771,0.272456341705524,0.522560274564608,0.309951499256232,-0.250481666731467,-0.250826450523714,FALSE,FALSE,FALSE,FALSE,"Complex","Persistent","Inconsistent_Complex_vs_Persistent"
"Mito_Ribosome_Assembly","Mito Ribosome Assembly","MitoCarta",-0.535301550327879,-0.484039913628444,-0.601339259147203,-0.513780125006402,-0.535301550327879,-0.484039913628444,0.134440863160196,0.221999997300998,FALSE,FALSE,FALSE,FALSE,"Persistent","Persistent","Consistent_Persistent"
"Mitochondrial_Ribosome","Mitochondrial Ribosome","MitoCarta",-0.472385752330921,-0.333339554652634,-0.631127082975681,-0.492575650361895,-0.472385752330921,-0.333339554652634,-0.136694215294777,0.00185721731900892,FALSE,FALSE,FALSE,FALSE,"Complex","Complex","Consistent_Complex"
"OXPHOS","OXPHOS","MitoCarta",-0.299674970063942,-0.278080480512416,-0.422021842448671,-0.318336069211029,-0.299674970063942,-0.278080480512416,-0.0990426202540588,0.00464315298358382,FALSE,FALSE,FALSE,FALSE,"Complex","Persistent","Inconsistent_Complex_vs_Persistent"
"Ribosome_Biogenesis","Ribosome Biogenesis","GO:BP",-0.833045272241563,-0.608240930529383,-0.71196319477237,-0.579841254036245,-0.833045272241563,-0.608240930529383,0.0231230736465542,0.155245014382679,FALSE,FALSE,FALSE,FALSE,"Complex","Persistent","Inconsistent_Complex_vs_Persistent"
"Synaptic_Ribosomes","Synaptic Ribosomes","SynGO",0.368253668373153,0.208040370090032,0.128797753022642,0.0941574819788196,0.368253668373153,0.208040370090032,-0.270376801783666,-0.305017072827489,FALSE,FALSE,FALSE,FALSE,"Complex","Transient","Inconsistent_Complex_vs_Transient"
"mtDNA_Maintenance","mtDNA Maintenance","MitoCarta",-0.522110944532999,-0.453626967573297,-0.682387335341287,-0.572963435949137,-0.522110944532999,-0.453626967573297,0.0362609967626286,0.145684896154779,FALSE,FALSE,FALSE,FALSE,"Complex","Complex","Consistent_Complex"
